Method,L99_mean,L99_lo,L99_hi,SLA_URLLC_%,Energy_J/MB,E_lo,E_hi,AUC,GateAccept_%
Proposed,7572801.069726614,6720079.460766583,8457075.744698118,100.0,0.9000000000000002,0.9000000000000002,0.9000000000000002,0.13167214912280703,0.0
