Method,L99_mean,L99_lo,L99_hi,SLA_URLLC_%,Energy_J/MB,E_lo,E_hi,AUC,GateAccept_%
-- Trust gate τ_min,7572801.069726614,6899143.110381686,8245933.144638019,100.0,0.9000000000000004,0.9000000000000004,0.9000000000000004,0.0,0.0
