Method,L99_mean,L99_lo,L99_hi,SLA_URLLC_%,Energy_J/MB,E_lo,E_hi,AUC,GateAccept_%
Proposed,8414216.163365869,6941739.749497173,9991869.463939466,100.0,0.9000000000000002,0.9000000000000002,0.9000000000000002,0.0,0.0
