Method,L99_mean,L99_lo,L99_hi,SLA_URLLC_%,Energy_J/MB,E_lo,E_hi,AUC,GateAccept_%
Proposed,9465985.030414933,8401069.052527754,10452018.343273437,100.0,0.9000000000000002,0.9000000000000002,0.9000000000000002,0.12569196428571427,0.0
