Method,L99_mean,L99_lo,L99_hi,SLA_URLLC_%,Energy_J/MB,E_lo,E_hi,AUC,GateAccept_%
Proposed,6310678.429267734,5127438.453837534,7493918.404697934,100.0,0.9000000000000002,0.9000000000000002,0.9000000000000002,0.0,0.0
