Method,L99_mean,L99_lo,L99_hi,SLA_URLLC_%,Energy_J/MB,E_lo,E_hi,AUC,GateAccept_%
Proposed,7572801.069726614,6310678.429267734,8773395.231463125,100.0,0.9000000000000002,0.9000000000000002,0.9000000000000002,0.48131578947368425,0.0
